supplier_id,supplier_name,contact_email,phone
1,Comercial Tamayo y asociados S.A.,manolacontreras@comercializadora.es,198371087458
2,Banca Privada del Sur S.A.,notengo@hotmail.com,126754285322-490237455056
3,Compañía Arrieta S.Com.,,926155859497
4,Tirado & Asociados S.Com.,,539323491601-783140973470-456894675864
5,Restauración RU S.Coop.,mesaartemio@valero.es,142158659618
6,Grupo Juliá S#.Com.,ugallart@acosta.net,895101098162-304149781827
7,Instalaciones Melero y asociados S.Coop.,prudencio85@hotel.org,839770978282
8,Soluciones Sevillano y asociados S.L.N.E,mariacarpio@cordoba.es,52314370
9,Grupo Pastor S.Com.,molinercarlota@construccion.es,922542954406-644737751130-612946104609
10,Alimentación del Norte S.Com.,prosell@benigna.com,87191117
11,Minería DQLB S.Com.,notengo@hotmail.com,(313)-690-074420
12,Amancio Redondo Otero S.A@.U,crespoalejandroinfraestructuras.org,50326351
13,Desarrollo Ib#érica S.L.N.E,notengo@hotmail.com,810144139905-292126466229
14,Alimentación Toro y asociad&os S.A.T.,,28574114
15,Familia Acevedo S.A.D,xcoloma@supermercados.com,(858)-937-420853
16,Larrañaga y Cortes S.A.,,(449)-182-833749
17,Suministros Mendoza S.L.L.,heliodoro31@poncio.org,481889380067
18,Noguera & Asociad%os S.A.,,574749025391
19,Inmobiliaria YR S.L.,pancho48alvarado.es,672188349450
20,Despacho Moles y asociados S.L.L.,ruedaconchaindustrias.com,870061049999-211794306720-722395938024
21,Grupo Hierro S.A.,luisina73@servicios.com,332764261329
22,Minería Gabaldón S.C!oop.,baudeliogilabert@inmobiliaria.com,241361539308
23,Comercial del# Norte S.L.N.E,ulises19@familia.es,(780)-353-732250
24,Emiliano Puerta Salamanca S.A.,crespiteobaldo@olmo.es,871014664416
25,Crescencia Bueno Mercader S.L.N.E,notengo@hotmail.com,18009898
26,Tecnologías Ibérica S.Coop.,zsanjuan@pedraza.org,(438)-134-676691
27,Familia Llobet S.Com.,,(745)-832-357506
28,Cuadrado y Abril S.L.,,606802257951
29,Familia Ribes S.A.,notengo@hotmail.com,925224908742
30,Carb&ajo & Asociados S.Com.,notengo@hotmail.com,442309504122
31,Edmundo Saavedra Torrents S.Com.,,413138101861-795474102008-330221882136
32,Industrias Sedano & Asociados S.L.,isabel32@tecnologias.es,505682141527-998720366826
33,Minería Internacionales S.Coop.,,758890943064
34,Familia Roldán S.Com.,zcasado@hermanos.es,551186286910-521196749448
35,Logística Canales S.C.P,pinillageorgina@grupo.com,(715)-877-928154
36,Soluciones AT S.A.,monica46@construccion.com,678861564123-582889990809
37,Navarrete & Asociados S.L.N.E,teresa09@ramiro.es,(292)-055-320405
38,Comercial TRNP S.A.,,639428860476-235659471312
39,Transportes Llanos & Asociados S.A.,brionesmalenasalazar.es,(903)-095-475090
40,Galván & Asociados S.A.,eloyruano@instalaciones.net,228076530800
